date,id,state.abbr,municipality,organized.crime.dead,organized.crime.wounded,organized.crime.dead.L1,organized.crime.wounded.L1,organized.crime.dead.L2,organized.crime.dead.L3,organized.crime.dead.L4,organized.crime.dead.L5,organized.crime.wounded.L2,organized.crime.wounded.L3,organized.crime.wounded.L4,organized.crime.wounded.L5
2007-01-01,1,GRO,Acapulco de Juárez,0,0,NA,NA,NA,NA,NA,NA,NA,NA,NA,NA
2007-02-01,1,GRO,Acapulco de Juárez,0,0,0,0,NA,NA,NA,NA,NA,NA,NA,NA
2007-04-01,1,0,Acapulco de Juárez,0,0,0,0,0,NA,NA,NA,0,NA,NA,NA
2007-05-01,1,0,Acapulco de Juárez,0,0,0,0,0,0,NA,NA,0,0,NA,NA
2007-06-01,1,0,Acapulco de Juárez,0,0,0,0,0,0,0,NA,0,0,0,NA
2007-07-01,1,0,Acapulco de Juárez,0,0,0,0,0,0,0,0,0,0,0,0
2007-09-01,1,0,Acapulco de Juárez,0,0,0,0,0,0,0,0,0,0,0,0
2007-10-01,1,0,Acapulco de Juárez,0,0,0,0,0,0,0,0,0,0,0,0
2007-11-01,1,0,Acapulco de Juárez,0,0,0,0,0,0,0,0,0,0,0,0
2007-12-01,1,0,Acapulco de Juárez,0,0,0,0,0,0,0,0,0,0,0,0
2008-01-01,1,GRO,Acapulco de Juárez,0,0,0,0,0,0,0,0,0,0,0,0
2008-02-01,1,0,Acapulco de Juárez,0,0,0,0,0,0,0,0,0,0,0,0
2008-03-01,1,0,Acapulco de Juárez,0,0,0,0,0,0,0,0,0,0,0,0
2008-04-01,1,0,Acapulco de Juárez,0,0,0,0,0,0,0,0,0,0,0,0
2008-05-01,1,0,Acapulco de Juárez,0,0,0,0,0,0,0,0,0,0,0,0
2008-06-01,1,0,Acapulco de Juárez,0,0,0,0,0,0,0,0,0,0,0,0
2008-07-01,1,0,Acapulco de Juárez,0,0,0,0,0,0,0,0,0,0,0,0
2008-08-01,1,0,Acapulco de Juárez,0,0,0,0,0,0,0,0,0,0,0,0
2008-09-01,1,0,Acapulco de Juárez,0,0,0,0,0,0,0,0,0,0,0,0
2008-10-01,1,0,Acapulco de Juárez,0,0,0,0,0,0,0,0,0,0,0,0
2008-11-01,1,0,Acapulco de Juárez,0,0,0,0,0,0,0,0,0,0,0,0
2008-12-01,1,0,Acapulco de Juárez,0,0,0,0,0,0,0,0,0,0,0,0
2009-01-01,1,0,Acapulco de Juárez,0,0,0,0,0,0,0,0,0,0,0,0
2009-02-01,1,0,Acapulco de Juárez,0,0,0,0,0,0,0,0,0,0,0,0
2009-03-01,1,0,Acapulco de Juárez,0,0,0,0,0,0,0,0,0,0,0,0
2009-04-01,1,0,Acapulco de Juárez,0,0,0,0,0,0,0,0,0,0,0,0
2009-05-01,1,0,Acapulco de Juárez,0,0,0,0,0,0,0,0,0,0,0,0
2009-06-01,1,GRO,Acapulco de Juárez,18,0,0,0,0,0,0,0,0,0,0,0
2009-07-01,1,GRO,Acapulco de Juárez,0,0,18,0,0,0,0,0,0,0,0,0
2009-08-01,1,0,Acapulco de Juárez,0,0,0,0,18,0,0,0,0,0,0,0
2009-09-01,1,0,Acapulco de Juárez,0,0,0,0,0,18,0,0,0,0,0,0
2009-10-01,1,GRO,Acapulco de Juárez,0,0,0,0,0,0,18,0,0,0,0,0
2009-11-01,1,0,Acapulco de Juárez,0,0,0,0,0,0,0,18,0,0,0,0
2009-12-01,1,0,Acapulco de Juárez,0,0,0,0,0,0,0,0,0,0,0,0
2010-01-01,1,GRO,Acapulco de Juárez,0,0,0,0,0,0,0,0,0,0,0,0
2010-02-01,1,0,Acapulco de Juárez,0,0,0,0,0,0,0,0,0,0,0,0
2010-03-01,1,GRO,Acapulco de Juárez,5,0,0,0,0,0,0,0,0,0,0,0
2010-04-01,1,GRO,Acapulco de Juárez,0,0,5,0,0,0,0,0,0,0,0,0
2010-05-01,1,0,Acapulco de Juárez,0,0,0,0,5,0,0,0,0,0,0,0
2010-06-01,1,GRO,Acapulco de Juárez,0,0,0,0,0,5,0,0,0,0,0,0
2010-07-01,1,GRO,Acapulco de Juárez,0,1,0,0,0,0,5,0,0,0,0,0
2010-08-01,1,0,Acapulco de Juárez,0,0,0,1,0,0,0,5,0,0,0,0
2010-09-01,1,GRO,Acapulco de Juárez,7,0,0,0,0,0,0,0,1,0,0,0
2010-10-01,1,GRO,Acapulco de Juárez,7,3,7,0,0,0,0,0,0,1,0,0
2010-11-01,1,GRO,Acapulco de Juárez,0,0,7,3,7,0,0,0,0,0,1,0
2010-12-01,1,GRO,Acapulco de Juárez,1,3,0,0,7,7,0,0,3,0,0,1
2011-01-01,1,GRO,Acapulco de Juárez,2,0,1,3,0,7,7,0,0,3,0,0
2011-02-01,1,GRO,Acapulco de Juárez,0,2,2,0,1,0,7,7,3,0,3,0
2011-03-01,1,GRO,Acapulco de Juárez,0,0,0,2,2,1,0,7,0,3,0,3
2011-04-01,1,GRO,Acapulco de Juárez,3,5,0,0,0,2,1,0,2,0,3,0
2011-05-01,1,GRO,Acapulco de Juárez,8,0,3,5,0,0,2,1,0,2,0,3
2011-06-01,1,GRO,Acapulco de Juárez,4,9,8,0,3,0,0,2,5,0,2,0
2011-07-01,1,GRO,Acapulco de Juárez,0,7,4,9,8,3,0,0,0,5,0,2
2011-08-01,1,GRO,Acapulco de Juárez,3,5,0,7,4,8,3,0,9,0,5,0
2011-09-01,1,GRO,Acapulco de Juárez,0,1,3,5,0,4,8,3,7,9,0,5
2011-10-01,1,GRO,Acapulco de Juárez,1,3,0,1,3,0,4,8,5,7,9,0
2011-11-01,1,GRO,Acapulco de Juárez,0,0,1,3,0,3,0,4,1,5,7,9
2007-01-01,2,NL,Monterrey,0,0,NA,NA,NA,NA,NA,NA,NA,NA,NA,NA
2007-02-01,2,0,Monterrey,0,0,0,0,NA,NA,NA,NA,NA,NA,NA,NA
2007-04-01,2,0,Monterrey,0,0,0,0,0,NA,NA,NA,0,NA,NA,NA
2007-05-01,2,NL,Monterrey,0,0,0,0,0,0,NA,NA,0,0,NA,NA
2007-06-01,2,0,Monterrey,0,0,0,0,0,0,0,NA,0,0,0,NA
2007-07-01,2,0,Monterrey,0,0,0,0,0,0,0,0,0,0,0,0
2007-09-01,2,NL,Monterrey,0,0,0,0,0,0,0,0,0,0,0,0
2007-10-01,2,0,Monterrey,0,0,0,0,0,0,0,0,0,0,0,0
2007-11-01,2,0,Monterrey,0,0,0,0,0,0,0,0,0,0,0,0
2007-12-01,2,0,Monterrey,0,0,0,0,0,0,0,0,0,0,0,0
2008-01-01,2,0,Monterrey,0,0,0,0,0,0,0,0,0,0,0,0
2008-02-01,2,NL,Monterrey,0,0,0,0,0,0,0,0,0,0,0,0
2008-03-01,2,0,Monterrey,0,0,0,0,0,0,0,0,0,0,0,0
2008-04-01,2,NL,Monterrey,0,0,0,0,0,0,0,0,0,0,0,0
2008-05-01,2,0,Monterrey,0,0,0,0,0,0,0,0,0,0,0,0
2008-06-01,2,0,Monterrey,0,0,0,0,0,0,0,0,0,0,0,0
2008-07-01,2,0,Monterrey,0,0,0,0,0,0,0,0,0,0,0,0
2008-08-01,2,0,Monterrey,0,0,0,0,0,0,0,0,0,0,0,0
2008-09-01,2,0,Monterrey,0,0,0,0,0,0,0,0,0,0,0,0
2008-10-01,2,0,Monterrey,0,0,0,0,0,0,0,0,0,0,0,0
2008-11-01,2,NL,Monterrey,1,0,0,0,0,0,0,0,0,0,0,0
2008-12-01,2,0,Monterrey,0,0,1,0,0,0,0,0,0,0,0,0
2009-01-01,2,0,Monterrey,0,0,0,0,1,0,0,0,0,0,0,0
2009-02-01,2,NL,Monterrey,0,0,0,0,0,1,0,0,0,0,0,0
2009-03-01,2,0,Monterrey,0,0,0,0,0,0,1,0,0,0,0,0
2009-04-01,2,NL,Monterrey,0,1,0,0,0,0,0,1,0,0,0,0
2009-05-01,2,NL,Monterrey,1,2,0,1,0,0,0,0,0,0,0,0
2009-06-01,2,0,Monterrey,0,0,1,2,0,0,0,0,1,0,0,0
2009-07-01,2,0,Monterrey,0,0,0,0,1,0,0,0,2,1,0,0
2009-08-01,2,NL,Monterrey,0,1,0,0,0,1,0,0,0,2,1,0
2009-09-01,2,0,Monterrey,0,0,0,1,0,0,1,0,0,0,2,1
2009-10-01,2,NL,Monterrey,0,0,0,0,0,0,0,1,1,0,0,2
2009-11-01,2,0,Monterrey,0,0,0,0,0,0,0,0,0,1,0,0
2009-12-01,2,NL,Monterrey,0,0,0,0,0,0,0,0,0,0,1,0
2010-01-01,2,0,Monterrey,0,0,0,0,0,0,0,0,0,0,0,1
2010-02-01,2,0,Monterrey,0,0,0,0,0,0,0,0,0,0,0,0
2010-03-01,2,NL,Monterrey,5,2,0,0,0,0,0,0,0,0,0,0
2010-04-01,2,NL,Monterrey,0,1,5,2,0,0,0,0,0,0,0,0
2010-05-01,2,NL,Monterrey,2,2,0,1,5,0,0,0,2,0,0,0
2010-06-01,2,NL,Monterrey,0,2,2,2,0,5,0,0,1,2,0,0
2010-07-01,2,NL,Monterrey,3,4,0,2,2,0,5,0,2,1,2,0
2010-08-01,2,NL,Monterrey,8,2,3,4,0,2,0,5,2,2,1,2
2010-09-01,2,NL,Monterrey,0,0,8,2,3,0,2,0,4,2,2,1
2010-10-01,2,NL,Monterrey,5,5,0,0,8,3,0,2,2,4,2,2
2010-11-01,2,NL,Monterrey,6,1,5,5,0,8,3,0,0,2,4,2
2010-12-01,2,NL,Monterrey,1,2,6,1,5,0,8,3,5,0,2,4
2011-01-01,2,NL,Monterrey,9,2,1,2,6,5,0,8,1,5,0,2
2011-02-01,2,NL,Monterrey,3,0,9,2,1,6,5,0,2,1,5,0
2011-03-01,2,NL,Monterrey,10,1,3,0,9,1,6,5,2,2,1,5
2011-04-01,2,NL,Monterrey,4,2,10,1,3,9,1,6,0,2,2,1
2011-05-01,2,NL,Monterrey,1,0,4,2,10,3,9,1,1,0,2,2
2011-06-01,2,NL,Monterrey,7,4,1,0,4,10,3,9,2,1,0,2
2011-07-01,2,NL,Monterrey,15,1,7,4,1,4,10,3,0,2,1,0
2011-08-01,2,NL,Monterrey,2,2,15,1,7,1,4,10,4,0,2,1
2011-09-01,2,NL,Monterrey,1,1,2,2,15,7,1,4,1,4,0,2
2011-10-01,2,NL,Monterrey,9,0,1,1,2,15,7,1,2,1,4,0
2011-11-01,2,NL,Monterrey,2,1,9,0,1,2,15,7,1,2,1,4
2007-01-01,3,0,Tijuana,0,0,NA,NA,NA,NA,NA,NA,NA,NA,NA,NA
2007-02-01,3,BC,Tijuana,0,0,0,0,NA,NA,NA,NA,NA,NA,NA,NA
2007-04-01,3,BC,Tijuana,3,0,0,0,0,NA,NA,NA,0,NA,NA,NA
2007-05-01,3,BC,Tijuana,0,0,3,0,0,0,NA,NA,0,0,NA,NA
2007-06-01,3,0,Tijuana,0,0,0,0,3,0,0,NA,0,0,0,NA
2007-07-01,3,BC,Tijuana,0,0,0,0,0,3,0,0,0,0,0,0
2007-09-01,3,0,Tijuana,0,0,0,0,0,0,3,0,0,0,0,0
2007-10-01,3,BC,Tijuana,0,0,0,0,0,0,0,3,0,0,0,0
2007-11-01,3,BC,Tijuana,3,0,0,0,0,0,0,0,0,0,0,0
2007-12-01,3,BC,Tijuana,1,4,3,0,0,0,0,0,0,0,0,0
2008-01-01,3,BC,Tijuana,2,0,1,4,3,0,0,0,0,0,0,0
2008-02-01,3,BC,Tijuana,0,0,2,0,1,3,0,0,4,0,0,0
2008-03-01,3,BC,Tijuana,2,1,0,0,2,1,3,0,0,4,0,0
2008-04-01,3,BC,Tijuana,17,10,2,1,0,2,1,3,0,0,4,0
2008-05-01,3,BC,Tijuana,0,0,17,10,2,0,2,1,1,0,0,4
2008-06-01,3,BC,Tijuana,1,0,0,0,17,2,0,2,10,1,0,0
2008-07-01,3,0,Tijuana,0,0,1,0,0,17,2,0,0,10,1,0
2008-08-01,3,0,Tijuana,0,0,0,0,1,0,17,2,0,0,10,1
2008-09-01,3,BC,Tijuana,0,0,0,0,0,1,0,17,0,0,0,10
2008-10-01,3,BC,Tijuana,8,8,0,0,0,0,1,0,0,0,0,0
2008-11-01,3,BC,Tijuana,0,1,8,8,0,0,0,1,0,0,0,0
2008-12-01,3,BC,Tijuana,2,4,0,1,8,0,0,0,8,0,0,0
2009-01-01,3,BC,Tijuana,0,0,2,4,0,8,0,0,1,8,0,0
2009-02-01,3,BC,Tijuana,1,0,0,0,2,0,8,0,4,1,8,0
2009-03-01,3,BC,Tijuana,0,1,1,0,0,2,0,8,0,4,1,8
2009-04-01,3,BC,Tijuana,0,0,0,1,1,0,2,0,0,0,4,1
2009-05-01,3,BC,Tijuana,1,0,0,0,0,1,0,2,1,0,0,4
2009-06-01,3,BC,Tijuana,1,1,1,0,0,0,1,0,0,1,0,0
2009-07-01,3,BC,Tijuana,1,2,1,1,1,0,0,1,0,0,1,0
2009-08-01,3,BC,Tijuana,1,0,1,2,1,1,0,0,1,0,0,1
2009-09-01,3,BC,Tijuana,1,0,1,0,1,1,1,0,2,1,0,0
2009-10-01,3,BC,Tijuana,2,9,1,0,1,1,1,1,0,2,1,0
2009-11-01,3,BC,Tijuana,1,0,2,9,1,1,1,1,0,0,2,1
2009-12-01,3,BC,Tijuana,1,2,1,0,2,1,1,1,9,0,0,2
2010-01-01,3,BC,Tijuana,0,0,1,2,1,2,1,1,0,9,0,0
2010-02-01,3,BC,Tijuana,1,0,0,0,1,1,2,1,2,0,9,0
2010-03-01,3,BC,Tijuana,0,1,1,0,0,1,1,2,0,2,0,9
2010-04-01,3,BC,Tijuana,1,0,0,1,1,0,1,1,0,0,2,0
2010-05-01,3,BC,Tijuana,1,0,1,0,0,1,0,1,1,0,0,2
2010-06-01,3,0,Tijuana,0,0,1,0,1,0,1,0,0,1,0,0
2010-07-01,3,BC,Tijuana,1,2,0,0,1,1,0,1,0,0,1,0
2010-08-01,3,BC,Tijuana,3,0,1,2,0,1,1,0,0,0,0,1
2010-09-01,3,BC,Tijuana,0,1,3,0,1,0,1,1,2,0,0,0
2010-10-01,3,BC,Tijuana,1,0,0,1,3,1,0,1,0,2,0,0
2010-11-01,3,BC,Tijuana,0,0,1,0,0,3,1,0,1,0,2,0
2010-12-01,3,BC,Tijuana,2,2,0,0,1,0,3,1,0,1,0,2
2011-01-01,3,BC,Tijuana,1,0,2,2,0,1,0,3,0,0,1,0
2011-02-01,3,BC,Tijuana,0,0,1,0,2,0,1,0,2,0,0,1
2011-03-01,3,BC,Tijuana,0,0,0,0,1,2,0,1,0,2,0,0
2011-04-01,3,BC,Tijuana,0,0,0,0,0,1,2,0,0,0,2,0
2011-05-01,3,BC,Tijuana,0,0,0,0,0,0,1,2,0,0,0,2
2011-06-01,3,0,Tijuana,0,0,0,0,0,0,0,1,0,0,0,0
2011-07-01,3,0,Tijuana,0,0,0,0,0,0,0,0,0,0,0,0
2011-08-01,3,BC,Tijuana,1,0,0,0,0,0,0,0,0,0,0,0
2011-09-01,3,0,Tijuana,0,0,1,0,0,0,0,0,0,0,0,0
2011-10-01,3,0,Tijuana,0,0,0,0,1,0,0,0,0,0,0,0
2011-11-01,3,BC,Tijuana,0,0,0,0,0,1,0,0,0,0,0,0
2007-01-01,4,0,Culiacán,0,0,NA,NA,NA,NA,NA,NA,NA,NA,NA,NA
2007-02-01,4,SIN,Culiacán,1,0,0,0,NA,NA,NA,NA,NA,NA,NA,NA
2007-04-01,4,0,Culiacán,0,0,1,0,0,NA,NA,NA,0,NA,NA,NA
2007-05-01,4,0,Culiacán,0,0,0,0,1,0,NA,NA,0,0,NA,NA
2007-06-01,4,0,Culiacán,0,0,0,0,0,1,0,NA,0,0,0,NA
2007-07-01,4,0,Culiacán,0,0,0,0,0,0,1,0,0,0,0,0
2007-09-01,4,0,Culiacán,0,0,0,0,0,0,0,1,0,0,0,0
2007-10-01,4,SIN,Culiacán,0,0,0,0,0,0,0,0,0,0,0,0
2007-11-01,4,0,Culiacán,0,0,0,0,0,0,0,0,0,0,0,0
2007-12-01,4,0,Culiacán,0,0,0,0,0,0,0,0,0,0,0,0
2008-01-01,4,SIN,Culiacán,0,0,0,0,0,0,0,0,0,0,0,0
2008-02-01,4,0,Culiacán,0,0,0,0,0,0,0,0,0,0,0,0
2008-03-01,4,SIN,Culiacán,0,0,0,0,0,0,0,0,0,0,0,0
2008-04-01,4,SIN,Culiacán,3,0,0,0,0,0,0,0,0,0,0,0
2008-05-01,4,SIN,Culiacán,1,3,3,0,0,0,0,0,0,0,0,0
2008-06-01,4,SIN,Culiacán,0,0,1,3,3,0,0,0,0,0,0,0
2008-07-01,4,SIN,Culiacán,7,2,0,0,1,3,0,0,3,0,0,0
2008-08-01,4,SIN,Culiacán,2,3,7,2,0,1,3,0,0,3,0,0
2008-09-01,4,0,Culiacán,0,0,2,3,7,0,1,3,2,0,3,0
2008-10-01,4,SIN,Culiacán,2,7,0,0,2,7,0,1,3,2,0,3
2008-11-01,4,SIN,Culiacán,0,3,2,7,0,2,7,0,0,3,2,0
2008-12-01,4,SIN,Culiacán,5,2,0,3,2,0,2,7,7,0,3,2
2009-01-01,4,SIN,Culiacán,1,0,5,2,0,2,0,2,3,7,0,3
2009-02-01,4,SIN,Culiacán,2,0,1,0,5,0,2,0,2,3,7,0
2009-03-01,4,0,Culiacán,0,0,2,0,1,5,0,2,0,2,3,7
2009-04-01,4,SIN,Culiacán,1,1,0,0,2,1,5,0,0,0,2,3
2009-05-01,4,0,Culiacán,0,0,1,1,0,2,1,5,0,0,0,2
2009-06-01,4,SIN,Culiacán,0,1,0,0,1,0,2,1,1,0,0,0
2009-07-01,4,0,Culiacán,0,0,0,1,0,1,0,2,0,1,0,0
2009-08-01,4,SIN,Culiacán,0,0,0,0,0,0,1,0,1,0,1,0
2009-09-01,4,SIN,Culiacán,0,0,0,0,0,0,0,1,0,1,0,1
2009-10-01,4,SIN,Culiacán,0,0,0,0,0,0,0,0,0,0,1,0
2009-11-01,4,SIN,Culiacán,0,0,0,0,0,0,0,0,0,0,0,1
2009-12-01,4,0,Culiacán,0,0,0,0,0,0,0,0,0,0,0,0
2010-01-01,4,SIN,Culiacán,2,0,0,0,0,0,0,0,0,0,0,0
2010-02-01,4,SIN,Culiacán,1,9,2,0,0,0,0,0,0,0,0,0
2010-03-01,4,SIN,Culiacán,0,1,1,9,2,0,0,0,0,0,0,0
2010-04-01,4,0,Culiacán,0,0,0,1,1,2,0,0,9,0,0,0
2010-05-01,4,0,Culiacán,0,0,0,0,0,1,2,0,1,9,0,0
2010-06-01,4,0,Culiacán,0,0,0,0,0,0,1,2,0,1,9,0
2010-07-01,4,SIN,Culiacán,0,0,0,0,0,0,0,1,0,0,1,9
2010-08-01,4,SIN,Culiacán,2,0,0,0,0,0,0,0,0,0,0,1
2010-09-01,4,0,Culiacán,0,0,2,0,0,0,0,0,0,0,0,0
2010-10-01,4,SIN,Culiacán,0,0,0,0,2,0,0,0,0,0,0,0
2010-11-01,4,0,Culiacán,0,0,0,0,0,2,0,0,0,0,0,0
2010-12-01,4,SIN,Culiacán,0,0,0,0,0,0,2,0,0,0,0,0
2011-01-01,4,SIN,Culiacán,0,0,0,0,0,0,0,2,0,0,0,0
2011-02-01,4,0,Culiacán,0,0,0,0,0,0,0,0,0,0,0,0
2011-03-01,4,SIN,Culiacán,1,0,0,0,0,0,0,0,0,0,0,0
2011-04-01,4,SIN,Culiacán,1,4,1,0,0,0,0,0,0,0,0,0
2011-05-01,4,SIN,Culiacán,3,1,1,4,1,0,0,0,0,0,0,0
2011-06-01,4,SIN,Culiacán,0,0,3,1,1,1,0,0,4,0,0,0
2011-07-01,4,SIN,Culiacán,3,3,0,0,3,1,1,0,1,4,0,0
2011-08-01,4,SIN,Culiacán,1,0,3,3,0,3,1,1,0,1,4,0
2011-09-01,4,0,Culiacán,0,0,1,0,3,0,3,1,3,0,1,4
2011-10-01,4,SIN,Culiacán,0,0,0,0,1,3,0,3,0,3,0,1
2011-11-01,4,SIN,Culiacán,0,0,0,0,0,1,3,0,0,0,3,0
2007-01-01,5,0,Matamoros,0,0,NA,NA,NA,NA,NA,NA,NA,NA,NA,NA
2007-02-01,5,0,Matamoros,0,0,0,0,NA,NA,NA,NA,NA,NA,NA,NA
2007-04-01,5,0,Matamoros,0,0,0,0,0,NA,NA,NA,0,NA,NA,NA
2007-05-01,5,0,Matamoros,0,0,0,0,0,0,NA,NA,0,0,NA,NA
2007-06-01,5,TAMPS,Matamoros,0,0,0,0,0,0,0,NA,0,0,0,NA
2007-07-01,5,0,Matamoros,0,0,0,0,0,0,0,0,0,0,0,0
2007-09-01,5,0,Matamoros,0,0,0,0,0,0,0,0,0,0,0,0
2007-10-01,5,0,Matamoros,0,0,0,0,0,0,0,0,0,0,0,0
2007-11-01,5,0,Matamoros,0,0,0,0,0,0,0,0,0,0,0,0
2007-12-01,5,0,Matamoros,0,0,0,0,0,0,0,0,0,0,0,0
2008-01-01,5,TAMPS,Matamoros,0,0,0,0,0,0,0,0,0,0,0,0
2008-02-01,5,0,Matamoros,0,0,0,0,0,0,0,0,0,0,0,0
2008-03-01,5,0,Matamoros,0,0,0,0,0,0,0,0,0,0,0,0
2008-04-01,5,0,Matamoros,0,0,0,0,0,0,0,0,0,0,0,0
2008-05-01,5,0,Matamoros,0,0,0,0,0,0,0,0,0,0,0,0
2008-06-01,5,0,Matamoros,0,0,0,0,0,0,0,0,0,0,0,0
2008-07-01,5,0,Matamoros,0,0,0,0,0,0,0,0,0,0,0,0
2008-08-01,5,TAMPS,Matamoros,1,1,0,0,0,0,0,0,0,0,0,0
2008-09-01,5,TAMPS,Matamoros,0,1,1,1,0,0,0,0,0,0,0,0
2008-10-01,5,TAMPS,Matamoros,4,7,0,1,1,0,0,0,1,0,0,0
2008-11-01,5,0,Matamoros,0,0,4,7,0,1,0,0,1,1,0,0
2008-12-01,5,0,Matamoros,0,0,0,0,4,0,1,0,7,1,1,0
2009-01-01,5,0,Matamoros,0,0,0,0,0,4,0,1,0,7,1,1
2009-02-01,5,TAMPS,Matamoros,1,1,0,0,0,0,4,0,0,0,7,1
2009-03-01,5,0,Matamoros,0,0,1,1,0,0,0,4,0,0,0,7
2009-04-01,5,0,Matamoros,0,0,0,0,1,0,0,0,1,0,0,0
2009-05-01,5,0,Matamoros,0,0,0,0,0,1,0,0,0,1,0,0
2009-06-01,5,TAMPS,Matamoros,0,1,0,0,0,0,1,0,0,0,1,0
2009-07-01,5,TAMPS,Matamoros,2,0,0,1,0,0,0,1,0,0,0,1
2009-08-01,5,0,Matamoros,0,0,2,0,0,0,0,0,1,0,0,0
2009-09-01,5,TAMPS,Matamoros,1,0,0,0,2,0,0,0,0,1,0,0
2009-10-01,5,TAMPS,Matamoros,0,1,1,0,0,2,0,0,0,0,1,0
2009-11-01,5,TAMPS,Matamoros,1,0,0,1,1,0,2,0,0,0,0,1
2009-12-01,5,TAMPS,Matamoros,0,1,1,0,0,1,0,2,1,0,0,0
2010-01-01,5,TAMPS,Matamoros,0,0,0,1,1,0,1,0,0,1,0,0
2010-02-01,5,TAMPS,Matamoros,5,2,0,0,0,1,0,1,1,0,1,0
2010-03-01,5,TAMPS,Matamoros,1,0,5,2,0,0,1,0,0,1,0,1
2010-04-01,5,TAMPS,Matamoros,0,0,1,0,5,0,0,1,2,0,1,0
2010-05-01,5,TAMPS,Matamoros,0,2,0,0,1,5,0,0,0,2,0,1
2010-06-01,5,TAMPS,Matamoros,2,1,0,2,0,1,5,0,0,0,2,0
2010-07-01,5,TAMPS,Matamoros,13,0,2,1,0,0,1,5,2,0,0,2
2010-08-01,5,TAMPS,Matamoros,14,0,13,0,2,0,0,1,1,2,0,0
2010-09-01,5,TAMPS,Matamoros,4,2,14,0,13,2,0,0,0,1,2,0
2010-10-01,5,TAMPS,Matamoros,0,2,4,2,14,13,2,0,0,0,1,2
2010-11-01,5,TAMPS,Matamoros,6,2,0,2,4,14,13,2,2,0,0,1
2010-12-01,5,TAMPS,Matamoros,5,0,6,2,0,4,14,13,2,2,0,0
2011-01-01,5,TAMPS,Matamoros,1,5,5,0,6,0,4,14,2,2,2,0
2011-02-01,5,TAMPS,Matamoros,2,0,1,5,5,6,0,4,0,2,2,2
2011-03-01,5,TAMPS,Matamoros,3,0,2,0,1,5,6,0,5,0,2,2
2011-04-01,5,TAMPS,Matamoros,4,0,3,0,2,1,5,6,0,5,0,2
2011-05-01,5,TAMPS,Matamoros,6,0,4,0,3,2,1,5,0,0,5,0
2011-06-01,5,TAMPS,Matamoros,3,3,6,0,4,3,2,1,0,0,0,5
2011-07-01,5,TAMPS,Matamoros,13,1,3,3,6,4,3,2,0,0,0,0
2011-08-01,5,TAMPS,Matamoros,6,0,13,1,3,6,4,3,3,0,0,0
2011-09-01,5,TAMPS,Matamoros,14,2,6,0,13,3,6,4,1,3,0,0
2011-10-01,5,TAMPS,Matamoros,24,12,14,2,6,13,3,6,0,1,3,0
2011-11-01,5,TAMPS,Matamoros,0,0,24,12,14,6,13,3,2,0,1,3
2007-01-01,6,0,Nuevo Laredo,0,0,NA,NA,NA,NA,NA,NA,NA,NA,NA,NA
2007-02-01,6,0,Nuevo Laredo,0,0,0,0,NA,NA,NA,NA,NA,NA,NA,NA
2007-04-01,6,0,Nuevo Laredo,0,0,0,0,0,NA,NA,NA,0,NA,NA,NA
2007-05-01,6,0,Nuevo Laredo,0,0,0,0,0,0,NA,NA,0,0,NA,NA
2007-06-01,6,0,Nuevo Laredo,0,0,0,0,0,0,0,NA,0,0,0,NA
2007-07-01,6,0,Nuevo Laredo,0,0,0,0,0,0,0,0,0,0,0,0
2007-09-01,6,0,Nuevo Laredo,0,0,0,0,0,0,0,0,0,0,0,0
2007-10-01,6,0,Nuevo Laredo,0,0,0,0,0,0,0,0,0,0,0,0
2007-11-01,6,0,Nuevo Laredo,0,0,0,0,0,0,0,0,0,0,0,0
2007-12-01,6,0,Nuevo Laredo,0,0,0,0,0,0,0,0,0,0,0,0
2008-01-01,6,0,Nuevo Laredo,0,0,0,0,0,0,0,0,0,0,0,0
2008-02-01,6,0,Nuevo Laredo,0,0,0,0,0,0,0,0,0,0,0,0
2008-03-01,6,0,Nuevo Laredo,0,0,0,0,0,0,0,0,0,0,0,0
2008-04-01,6,0,Nuevo Laredo,0,0,0,0,0,0,0,0,0,0,0,0
2008-05-01,6,TAMPS,Nuevo Laredo,0,0,0,0,0,0,0,0,0,0,0,0
2008-06-01,6,0,Nuevo Laredo,0,0,0,0,0,0,0,0,0,0,0,0
2008-07-01,6,0,Nuevo Laredo,0,0,0,0,0,0,0,0,0,0,0,0
2008-08-01,6,TAMPS,Nuevo Laredo,1,0,0,0,0,0,0,0,0,0,0,0
2008-09-01,6,0,Nuevo Laredo,0,0,1,0,0,0,0,0,0,0,0,0
2008-10-01,6,0,Nuevo Laredo,0,0,0,0,1,0,0,0,0,0,0,0
2008-11-01,6,0,Nuevo Laredo,0,0,0,0,0,1,0,0,0,0,0,0
2008-12-01,6,0,Nuevo Laredo,0,0,0,0,0,0,1,0,0,0,0,0
2009-01-01,6,0,Nuevo Laredo,0,0,0,0,0,0,0,1,0,0,0,0
2009-02-01,6,TAMPS,Nuevo Laredo,1,1,0,0,0,0,0,0,0,0,0,0
2009-03-01,6,0,Nuevo Laredo,0,0,1,1,0,0,0,0,0,0,0,0
2009-04-01,6,TAMPS,Nuevo Laredo,2,0,0,0,1,0,0,0,1,0,0,0
2009-05-01,6,TAMPS,Nuevo Laredo,0,0,2,0,0,1,0,0,0,1,0,0
2009-06-01,6,0,Nuevo Laredo,0,0,0,0,2,0,1,0,0,0,1,0
2009-07-01,6,TAMPS,Nuevo Laredo,1,0,0,0,0,2,0,1,0,0,0,1
2009-08-01,6,TAMPS,Nuevo Laredo,0,1,1,0,0,0,2,0,0,0,0,0
2009-09-01,6,0,Nuevo Laredo,0,0,0,1,1,0,0,2,0,0,0,0
2009-10-01,6,TAMPS,Nuevo Laredo,2,2,0,0,0,1,0,0,1,0,0,0
2009-11-01,6,0,Nuevo Laredo,0,0,2,2,0,0,1,0,0,1,0,0
2009-12-01,6,TAMPS,Nuevo Laredo,1,1,0,0,2,0,0,1,2,0,1,0
2010-01-01,6,0,Nuevo Laredo,0,0,1,1,0,2,0,0,0,2,0,1
2010-02-01,6,TAMPS,Nuevo Laredo,0,0,0,0,1,0,2,0,1,0,2,0
2010-03-01,6,TAMPS,Nuevo Laredo,6,0,0,0,0,1,0,2,0,1,0,2
2010-04-01,6,TAMPS,Nuevo Laredo,0,0,6,0,0,0,1,0,0,0,1,0
2010-05-01,6,TAMPS,Nuevo Laredo,0,0,0,0,6,0,0,1,0,0,0,1
2010-06-01,6,TAMPS,Nuevo Laredo,10,4,0,0,0,6,0,0,0,0,0,0
2010-07-01,6,TAMPS,Nuevo Laredo,23,2,10,4,0,0,6,0,0,0,0,0
2010-08-01,6,TAMPS,Nuevo Laredo,13,0,23,2,10,0,0,6,4,0,0,0
2010-09-01,6,TAMPS,Nuevo Laredo,11,0,13,0,23,10,0,0,2,4,0,0
2010-10-01,6,TAMPS,Nuevo Laredo,7,1,11,0,13,23,10,0,0,2,4,0
2010-11-01,6,TAMPS,Nuevo Laredo,6,0,7,1,11,13,23,10,0,0,2,4
2010-12-01,6,TAMPS,Nuevo Laredo,5,0,6,0,7,11,13,23,1,0,0,2
2011-01-01,6,TAMPS,Nuevo Laredo,1,0,5,0,6,7,11,13,0,1,0,0
2011-02-01,6,TAMPS,Nuevo Laredo,20,6,1,0,5,6,7,11,0,0,1,0
2011-03-01,6,TAMPS,Nuevo Laredo,10,0,20,6,1,5,6,7,0,0,0,1
2011-04-01,6,TAMPS,Nuevo Laredo,23,0,10,0,20,1,5,6,6,0,0,0
2011-05-01,6,TAMPS,Nuevo Laredo,2,2,23,0,10,20,1,5,0,6,0,0
2011-06-01,6,TAMPS,Nuevo Laredo,2,0,2,2,23,10,20,1,0,0,6,0
2011-07-01,6,TAMPS,Nuevo Laredo,3,1,2,0,2,23,10,20,2,0,0,6
2011-08-01,6,TAMPS,Nuevo Laredo,24,2,3,1,2,2,23,10,0,2,0,0
2011-09-01,6,TAMPS,Nuevo Laredo,13,1,24,2,3,2,2,23,1,0,2,0
2011-10-01,6,TAMPS,Nuevo Laredo,27,2,13,1,24,3,2,2,2,1,0,2
2011-11-01,6,TAMPS,Nuevo Laredo,15,0,27,2,13,24,3,2,1,2,1,0
2007-01-01,7,0,Reynosa,0,0,NA,NA,NA,NA,NA,NA,NA,NA,NA,NA
2007-02-01,7,0,Reynosa,0,0,0,0,NA,NA,NA,NA,NA,NA,NA,NA
2007-04-01,7,0,Reynosa,0,0,0,0,0,NA,NA,NA,0,NA,NA,NA
2007-05-01,7,0,Reynosa,0,0,0,0,0,0,NA,NA,0,0,NA,NA
2007-06-01,7,0,Reynosa,0,0,0,0,0,0,0,NA,0,0,0,NA
2007-07-01,7,TAMPS,Reynosa,1,0,0,0,0,0,0,0,0,0,0,0
2007-09-01,7,0,Reynosa,0,0,1,0,0,0,0,0,0,0,0,0
2007-10-01,7,0,Reynosa,0,0,0,0,1,0,0,0,0,0,0,0
2007-11-01,7,0,Reynosa,0,0,0,0,0,1,0,0,0,0,0,0
2007-12-01,7,0,Reynosa,0,0,0,0,0,0,1,0,0,0,0,0
2008-01-01,7,TAMPS,Reynosa,0,0,0,0,0,0,0,1,0,0,0,0
2008-02-01,7,TAMPS,Reynosa,0,0,0,0,0,0,0,0,0,0,0,0
2008-03-01,7,0,Reynosa,0,0,0,0,0,0,0,0,0,0,0,0
2008-04-01,7,TAMPS,Reynosa,0,0,0,0,0,0,0,0,0,0,0,0
2008-05-01,7,0,Reynosa,0,0,0,0,0,0,0,0,0,0,0,0
2008-06-01,7,0,Reynosa,0,0,0,0,0,0,0,0,0,0,0,0
2008-07-01,7,TAMPS,Reynosa,0,0,0,0,0,0,0,0,0,0,0,0
2008-08-01,7,0,Reynosa,0,0,0,0,0,0,0,0,0,0,0,0
2008-09-01,7,TAMPS,Reynosa,0,0,0,0,0,0,0,0,0,0,0,0
2008-10-01,7,0,Reynosa,0,0,0,0,0,0,0,0,0,0,0,0
2008-11-01,7,0,Reynosa,0,0,0,0,0,0,0,0,0,0,0,0
2008-12-01,7,TAMPS,Reynosa,1,0,0,0,0,0,0,0,0,0,0,0
2009-01-01,7,0,Reynosa,0,0,1,0,0,0,0,0,0,0,0,0
2009-02-01,7,TAMPS,Reynosa,8,2,0,0,1,0,0,0,0,0,0,0
2009-03-01,7,TAMPS,Reynosa,0,0,8,2,0,1,0,0,0,0,0,0
2009-04-01,7,TAMPS,Reynosa,1,1,0,0,8,0,1,0,2,0,0,0
2009-05-01,7,TAMPS,Reynosa,0,0,1,1,0,8,0,1,0,2,0,0
2009-06-01,7,0,Reynosa,0,0,0,0,1,0,8,0,1,0,2,0
2009-07-01,7,0,Reynosa,0,0,0,0,0,1,0,8,0,1,0,2
2009-08-01,7,TAMPS,Reynosa,0,2,0,0,0,0,1,0,0,0,1,0
2009-09-01,7,TAMPS,Reynosa,0,3,0,2,0,0,0,1,0,0,0,1
2009-10-01,7,TAMPS,Reynosa,1,3,0,3,0,0,0,0,2,0,0,0
2009-11-01,7,TAMPS,Reynosa,0,1,1,3,0,0,0,0,3,2,0,0
2009-12-01,7,TAMPS,Reynosa,4,2,0,1,1,0,0,0,3,3,2,0
2010-01-01,7,0,Reynosa,0,0,4,2,0,1,0,0,1,3,3,2
2010-02-01,7,TAMPS,Reynosa,9,2,0,0,4,0,1,0,2,1,3,3
2010-03-01,7,TAMPS,Reynosa,27,6,9,2,0,4,0,1,0,2,1,3
2010-04-01,7,TAMPS,Reynosa,9,2,27,6,9,0,4,0,2,0,2,1
2010-05-01,7,TAMPS,Reynosa,5,0,9,2,27,9,0,4,6,2,0,2
2010-06-01,7,TAMPS,Reynosa,10,1,5,0,9,27,9,0,2,6,2,0
2010-07-01,7,TAMPS,Reynosa,18,0,10,1,5,9,27,9,0,2,6,2
2010-08-01,7,TAMPS,Reynosa,8,0,18,0,10,5,9,27,1,0,2,6
2010-09-01,7,TAMPS,Reynosa,6,0,8,0,18,10,5,9,0,1,0,2
2010-10-01,7,TAMPS,Reynosa,8,1,6,0,8,18,10,5,0,0,1,0
2010-11-01,7,TAMPS,Reynosa,4,0,8,1,6,8,18,10,0,0,0,1
2010-12-01,7,TAMPS,Reynosa,0,0,4,0,8,6,8,18,1,0,0,0
2011-01-01,7,TAMPS,Reynosa,1,0,0,0,4,8,6,8,0,1,0,0
2011-02-01,7,TAMPS,Reynosa,0,0,1,0,0,4,8,6,0,0,1,0
2011-03-01,7,TAMPS,Reynosa,1,0,0,0,1,0,4,8,0,0,0,1
2011-04-01,7,TAMPS,Reynosa,10,0,1,0,0,1,0,4,0,0,0,0
2011-05-01,7,TAMPS,Reynosa,1,0,10,0,1,0,1,0,0,0,0,0
2011-06-01,7,TAMPS,Reynosa,7,0,1,0,10,1,0,1,0,0,0,0
2011-07-01,7,TAMPS,Reynosa,4,0,7,0,1,10,1,0,0,0,0,0
2011-08-01,7,TAMPS,Reynosa,4,0,4,0,7,1,10,1,0,0,0,0
2011-09-01,7,TAMPS,Reynosa,2,1,4,0,4,7,1,10,0,0,0,0
2011-10-01,7,TAMPS,Reynosa,10,0,2,1,4,4,7,1,0,0,0,0
2011-11-01,7,TAMPS,Reynosa,2,0,10,0,2,4,4,7,1,0,0,0
2007-01-01,8,0,Torreón,0,0,NA,NA,NA,NA,NA,NA,NA,NA,NA,NA
2007-02-01,8,0,Torreón,0,0,0,0,NA,NA,NA,NA,NA,NA,NA,NA
2007-04-01,8,0,Torreón,0,0,0,0,0,NA,NA,NA,0,NA,NA,NA
2007-05-01,8,COAH,Torreón,1,1,0,0,0,0,NA,NA,0,0,NA,NA
2007-06-01,8,0,Torreón,0,0,1,1,0,0,0,NA,0,0,0,NA
2007-07-01,8,0,Torreón,0,0,0,0,1,0,0,0,1,0,0,0
2007-09-01,8,0,Torreón,0,0,0,0,0,1,0,0,0,1,0,0
2007-10-01,8,0,Torreón,0,0,0,0,0,0,1,0,0,0,1,0
2007-11-01,8,0,Torreón,0,0,0,0,0,0,0,1,0,0,0,1
2007-12-01,8,0,Torreón,0,0,0,0,0,0,0,0,0,0,0,0
2008-01-01,8,0,Torreón,0,0,0,0,0,0,0,0,0,0,0,0
2008-02-01,8,COAH,Torreón,2,2,0,0,0,0,0,0,0,0,0,0
2008-03-01,8,COAH,Torreón,2,0,2,2,0,0,0,0,0,0,0,0
2008-04-01,8,0,Torreón,0,0,2,0,2,0,0,0,2,0,0,0
2008-05-01,8,COAH,Torreón,0,0,0,0,2,2,0,0,0,2,0,0
2008-06-01,8,COAH,Torreón,9,1,0,0,0,2,2,0,0,0,2,0
2008-07-01,8,0,Torreón,0,0,9,1,0,0,2,2,0,0,0,2
2008-08-01,8,0,Torreón,0,0,0,0,9,0,0,2,1,0,0,0
2008-09-01,8,COAH,Torreón,1,0,0,0,0,9,0,0,0,1,0,0
2008-10-01,8,COAH,Torreón,0,0,1,0,0,0,9,0,0,0,1,0
2008-11-01,8,0,Torreón,0,0,0,0,1,0,0,9,0,0,0,1
2008-12-01,8,COAH,Torreón,0,0,0,0,0,1,0,0,0,0,0,0
2009-01-01,8,COAH,Torreón,0,0,0,0,0,0,1,0,0,0,0,0
2009-02-01,8,COAH,Torreón,2,5,0,0,0,0,0,1,0,0,0,0
2009-03-01,8,COAH,Torreón,5,2,2,5,0,0,0,0,0,0,0,0
2009-04-01,8,0,Torreón,0,0,5,2,2,0,0,0,5,0,0,0
2009-05-01,8,COAH,Torreón,0,0,0,0,5,2,0,0,2,5,0,0
2009-06-01,8,COAH,Torreón,3,0,0,0,0,5,2,0,0,2,5,0
2009-07-01,8,COAH,Torreón,0,0,3,0,0,0,5,2,0,0,2,5
2009-08-01,8,COAH,Torreón,0,1,0,0,3,0,0,5,0,0,0,2
2009-09-01,8,COAH,Torreón,0,1,0,1,0,3,0,0,0,0,0,0
2009-10-01,8,COAH,Torreón,0,0,0,1,0,0,3,0,1,0,0,0
2009-11-01,8,COAH,Torreón,3,11,0,0,0,0,0,3,1,1,0,0
2009-12-01,8,COAH,Torreón,0,0,3,11,0,0,0,0,0,1,1,0
2010-01-01,8,COAH,Torreón,0,0,0,0,3,0,0,0,11,0,1,1
2010-02-01,8,COAH,Torreón,7,1,0,0,0,3,0,0,0,11,0,1
2010-03-01,8,COAH,Torreón,2,2,7,1,0,0,3,0,0,0,11,0
2010-04-01,8,COAH,Torreón,1,1,2,2,7,0,0,3,1,0,0,11
2010-05-01,8,COAH,Torreón,2,1,1,1,2,7,0,0,2,1,0,0
2010-06-01,8,COAH,Torreón,0,0,2,1,1,2,7,0,1,2,1,0
2010-07-01,8,COAH,Torreón,8,0,0,0,2,1,2,7,1,1,2,1
2010-08-01,8,COAH,Torreón,0,2,8,0,0,2,1,2,0,1,1,2
2010-09-01,8,0,Torreón,0,0,0,2,8,0,2,1,0,0,1,1
2010-10-01,8,COAH,Torreón,5,7,0,0,0,8,0,2,2,0,0,1
2010-11-01,8,COAH,Torreón,1,0,5,7,0,0,8,0,0,2,0,0
2010-12-01,8,COAH,Torreón,1,1,1,0,5,0,0,8,7,0,2,0
2011-01-01,8,COAH,Torreón,13,1,1,1,1,5,0,0,0,7,0,2
2011-02-01,8,COAH,Torreón,1,0,13,1,1,1,5,0,1,0,7,0
2011-03-01,8,COAH,Torreón,8,2,1,0,13,1,1,5,1,1,0,7
2011-04-01,8,COAH,Torreón,4,0,8,2,1,13,1,1,0,1,1,0
2011-05-01,8,COAH,Torreón,11,0,4,0,8,1,13,1,2,0,1,1
2011-06-01,8,COAH,Torreón,4,2,11,0,4,8,1,13,0,2,0,1
2011-07-01,8,COAH,Torreón,10,2,4,2,11,4,8,1,0,0,2,0
2011-08-01,8,COAH,Torreón,5,1,10,2,4,11,4,8,2,0,0,2
2011-09-01,8,COAH,Torreón,4,0,5,1,10,4,11,4,2,2,0,0
2011-10-01,8,COAH,Torreón,0,0,4,0,5,10,4,11,1,2,2,0
2011-11-01,8,COAH,Torreón,0,0,0,0,4,5,10,4,0,1,2,2
2007-01-01,9,0,Chihuahua,0,0,NA,NA,NA,NA,NA,NA,NA,NA,NA,NA
2007-02-01,9,0,Chihuahua,0,0,0,0,NA,NA,NA,NA,NA,NA,NA,NA
2007-04-01,9,0,Chihuahua,0,0,0,0,0,NA,NA,NA,0,NA,NA,NA
2007-05-01,9,CHIH,Chihuahua,0,0,0,0,0,0,NA,NA,0,0,NA,NA
2007-06-01,9,0,Chihuahua,0,0,0,0,0,0,0,NA,0,0,0,NA
2007-07-01,9,0,Chihuahua,0,0,0,0,0,0,0,0,0,0,0,0
2007-09-01,9,0,Chihuahua,0,0,0,0,0,0,0,0,0,0,0,0
2007-10-01,9,0,Chihuahua,0,0,0,0,0,0,0,0,0,0,0,0
2007-11-01,9,0,Chihuahua,0,0,0,0,0,0,0,0,0,0,0,0
2007-12-01,9,0,Chihuahua,0,0,0,0,0,0,0,0,0,0,0,0
2008-01-01,9,CHIH,Chihuahua,0,0,0,0,0,0,0,0,0,0,0,0
2008-02-01,9,CHIH,Chihuahua,0,0,0,0,0,0,0,0,0,0,0,0
2008-03-01,9,CHIH,Chihuahua,5,2,0,0,0,0,0,0,0,0,0,0
2008-04-01,9,CHIH,Chihuahua,0,0,5,2,0,0,0,0,0,0,0,0
2008-05-01,9,0,Chihuahua,0,0,0,0,5,0,0,0,2,0,0,0
2008-06-01,9,CHIH,Chihuahua,3,1,0,0,0,5,0,0,0,2,0,0
2008-07-01,9,CHIH,Chihuahua,2,0,3,1,0,0,5,0,0,0,2,0
2008-08-01,9,0,Chihuahua,0,0,2,0,3,0,0,5,1,0,0,2
2008-09-01,9,CHIH,Chihuahua,1,1,0,0,2,3,0,0,0,1,0,0
2008-10-01,9,CHIH,Chihuahua,0,0,1,1,0,2,3,0,0,0,1,0
2008-11-01,9,CHIH,Chihuahua,0,0,0,0,1,0,2,3,1,0,0,1
2008-12-01,9,CHIH,Chihuahua,0,0,0,0,0,1,0,2,0,1,0,0
2009-01-01,9,0,Chihuahua,0,0,0,0,0,0,1,0,0,0,1,0
2009-02-01,9,CHIH,Chihuahua,0,1,0,0,0,0,0,1,0,0,0,1
2009-03-01,9,CHIH,Chihuahua,0,0,0,1,0,0,0,0,0,0,0,0
2009-04-01,9,0,Chihuahua,0,0,0,0,0,0,0,0,1,0,0,0
2009-05-01,9,0,Chihuahua,0,0,0,0,0,0,0,0,0,1,0,0
2009-06-01,9,CHIH,Chihuahua,0,4,0,0,0,0,0,0,0,0,1,0
2009-07-01,9,0,Chihuahua,0,0,0,4,0,0,0,0,0,0,0,1
2009-08-01,9,CHIH,Chihuahua,3,1,0,0,0,0,0,0,4,0,0,0
2009-09-01,9,CHIH,Chihuahua,0,0,3,1,0,0,0,0,0,4,0,0
2009-10-01,9,CHIH,Chihuahua,0,0,0,0,3,0,0,0,1,0,4,0
2009-11-01,9,CHIH,Chihuahua,0,2,0,0,0,3,0,0,0,1,0,4
2009-12-01,9,CHIH,Chihuahua,0,0,0,2,0,0,3,0,0,0,1,0
2010-01-01,9,CHIH,Chihuahua,2,0,0,0,0,0,0,3,2,0,0,1
2010-02-01,9,CHIH,Chihuahua,0,0,2,0,0,0,0,0,0,2,0,0
2010-03-01,9,CHIH,Chihuahua,4,1,0,0,2,0,0,0,0,0,2,0
2010-04-01,9,CHIH,Chihuahua,1,0,4,1,0,2,0,0,0,0,0,2
2010-05-01,9,CHIH,Chihuahua,0,0,1,0,4,0,2,0,1,0,0,0
2010-06-01,9,CHIH,Chihuahua,1,0,0,0,1,4,0,2,0,1,0,0
2010-07-01,9,CHIH,Chihuahua,3,0,1,0,0,1,4,0,0,0,1,0
2010-08-01,9,CHIH,Chihuahua,3,1,3,0,1,0,1,4,0,0,0,1
2010-09-01,9,CHIH,Chihuahua,1,0,3,1,3,1,0,1,0,0,0,0
2010-10-01,9,CHIH,Chihuahua,6,0,1,0,3,3,1,0,1,0,0,0
2010-11-01,9,CHIH,Chihuahua,0,0,6,0,1,3,3,1,0,1,0,0
2010-12-01,9,CHIH,Chihuahua,5,3,0,0,6,1,3,3,0,0,1,0
2011-01-01,9,CHIH,Chihuahua,0,0,5,3,0,6,1,3,0,0,0,1
2011-02-01,9,CHIH,Chihuahua,1,0,0,0,5,0,6,1,3,0,0,0
2011-03-01,9,CHIH,Chihuahua,2,2,1,0,0,5,0,6,0,3,0,0
2011-04-01,9,CHIH,Chihuahua,3,0,2,2,1,0,5,0,0,0,3,0
2011-05-01,9,0,Chihuahua,0,0,3,0,2,1,0,5,2,0,0,3
2011-06-01,9,CHIH,Chihuahua,0,0,0,0,3,2,1,0,0,2,0,0
2011-07-01,9,CHIH,Chihuahua,0,0,0,0,0,3,2,1,0,0,2,0
2011-08-01,9,CHIH,Chihuahua,0,1,0,0,0,0,3,2,0,0,0,2
2011-09-01,9,0,Chihuahua,0,0,0,1,0,0,0,3,0,0,0,0
2011-10-01,9,CHIH,Chihuahua,0,0,0,0,0,0,0,0,1,0,0,0
2011-11-01,9,CHIH,Chihuahua,0,0,0,0,0,0,0,0,0,1,0,0
2007-01-01,10,0,Juárez,0,0,NA,NA,NA,NA,NA,NA,NA,NA,NA,NA
2007-02-01,10,0,Juárez,0,0,0,0,NA,NA,NA,NA,NA,NA,NA,NA
2007-04-01,10,0,Juárez,0,0,0,0,0,NA,NA,NA,0,NA,NA,NA
2007-05-01,10,0,Juárez,0,0,0,0,0,0,NA,NA,0,0,NA,NA
2007-06-01,10,CHIH,Juárez,0,0,0,0,0,0,0,NA,0,0,0,NA
2007-07-01,10,0,Juárez,0,0,0,0,0,0,0,0,0,0,0,0
2007-09-01,10,0,Juárez,0,0,0,0,0,0,0,0,0,0,0,0
2007-10-01,10,0,Juárez,0,0,0,0,0,0,0,0,0,0,0,0
2007-11-01,10,0,Juárez,0,0,0,0,0,0,0,0,0,0,0,0
2007-12-01,10,0,Juárez,0,0,0,0,0,0,0,0,0,0,0,0
2008-01-01,10,0,Juárez,0,0,0,0,0,0,0,0,0,0,0,0
2008-02-01,10,CHIH,Juárez,2,1,0,0,0,0,0,0,0,0,0,0
2008-03-01,10,0,Juárez,0,0,2,1,0,0,0,0,0,0,0,0
2008-04-01,10,0,Juárez,0,0,0,0,2,0,0,0,1,0,0,0
2008-05-01,10,CHIH,Juárez,0,1,0,0,0,2,0,0,0,1,0,0
2008-06-01,10,0,Juárez,0,0,0,1,0,0,2,0,0,0,1,0
2008-07-01,10,CHIH,Juárez,0,0,0,0,0,0,0,2,1,0,0,1
2008-08-01,10,CHIH,Juárez,6,2,0,0,0,0,0,0,0,1,0,0
2008-09-01,10,CHIH,Juárez,2,1,6,2,0,0,0,0,0,0,1,0
2008-10-01,10,CHIH,Juárez,3,2,2,1,6,0,0,0,2,0,0,1
2008-11-01,10,CHIH,Juárez,0,0,3,2,2,6,0,0,1,2,0,0
2008-12-01,10,CHIH,Juárez,2,0,0,0,3,2,6,0,2,1,2,0
2009-01-01,10,CHIH,Juárez,0,0,2,0,0,3,2,6,0,2,1,2
2009-02-01,10,CHIH,Juárez,1,0,0,0,2,0,3,2,0,0,2,1
2009-03-01,10,0,Juárez,0,0,1,0,0,2,0,3,0,0,0,2
2009-04-01,10,CHIH,Juárez,2,0,0,0,1,0,2,0,0,0,0,0
2009-05-01,10,0,Juárez,0,0,2,0,0,1,0,2,0,0,0,0
2009-06-01,10,0,Juárez,0,0,0,0,2,0,1,0,0,0,0,0
2009-07-01,10,CHIH,Juárez,2,0,0,0,0,2,0,1,0,0,0,0
2009-08-01,10,CHIH,Juárez,0,0,2,0,0,0,2,0,0,0,0,0
2009-09-01,10,CHIH,Juárez,1,1,0,0,2,0,0,2,0,0,0,0
2009-10-01,10,CHIH,Juárez,2,1,1,1,0,2,0,0,0,0,0,0
2009-11-01,10,CHIH,Juárez,4,1,2,1,1,0,2,0,1,0,0,0
2009-12-01,10,CHIH,Juárez,0,0,4,1,2,1,0,2,1,1,0,0
2010-01-01,10,CHIH,Juárez,3,3,0,0,4,2,1,0,1,1,1,0
2010-02-01,10,CHIH,Juárez,1,1,3,3,0,4,2,1,0,1,1,1
2010-03-01,10,CHIH,Juárez,3,1,1,1,3,0,4,2,3,0,1,1
2010-04-01,10,CHIH,Juárez,0,0,3,1,1,3,0,4,1,3,0,1
2010-05-01,10,CHIH,Juárez,0,1,0,0,3,1,3,0,1,1,3,0
2010-06-01,10,CHIH,Juárez,1,4,0,1,0,3,1,3,0,1,1,3
2010-07-01,10,CHIH,Juárez,6,2,1,4,0,0,3,1,1,0,1,1
2010-08-01,10,CHIH,Juárez,4,8,6,2,1,0,0,3,4,1,0,1
2010-09-01,10,CHIH,Juárez,0,0,4,8,6,1,0,0,2,4,1,0
2010-10-01,10,CHIH,Juárez,1,0,0,0,4,6,1,0,8,2,4,1
2010-11-01,10,CHIH,Juárez,2,0,1,0,0,4,6,1,0,8,2,4
2010-12-01,10,CHIH,Juárez,0,0,2,0,1,0,4,6,0,0,8,2
2011-01-01,10,CHIH,Juárez,4,5,0,0,2,1,0,4,0,0,0,8
2011-02-01,10,CHIH,Juárez,3,4,4,5,0,2,1,0,0,0,0,0
2011-03-01,10,CHIH,Juárez,4,2,3,4,4,0,2,1,5,0,0,0
2011-04-01,10,CHIH,Juárez,1,1,4,2,3,4,0,2,4,5,0,0
2011-05-01,10,CHIH,Juárez,2,0,1,1,4,3,4,0,2,4,5,0
2011-06-01,10,CHIH,Juárez,0,4,2,0,1,4,3,4,1,2,4,5
2011-07-01,10,CHIH,Juárez,19,21,0,4,2,1,4,3,0,1,2,4
2011-08-01,10,CHIH,Juárez,0,1,19,21,0,2,1,4,4,0,1,2
2011-09-01,10,CHIH,Juárez,2,1,0,1,19,0,2,1,21,4,0,1
2011-10-01,10,CHIH,Juárez,0,0,2,1,0,19,0,2,1,21,4,0
2011-11-01,10,CHIH,Juárez,6,1,0,0,2,0,19,0,1,1,21,4
